Color1,Color2,Contrast Ratio,Binary Scoring
#af97e2,#963cac,2.358847297,0
#3b005f,#1ed2b0,8.067429304,1
#1c4710,#8401cb,1.454333854,0
#1d6191,#e0efed,5.59414045,1
#01ed2e,#2c562e,5.309206982,1
#a6b7f6,#7002b2,4.582586803,1
#968cac,#25cca1,1.53986069,0
#5dcd37,#3a8668,2.140598037,0
#fe3b9e,#f38f60,1.406625151,0
#fb6e83,#357217,2.145240747,0
#b91766,#72f08c,4.310633377,0
#f79e29,#38fb8f,1.555404698,0
#2daf2f,#09c6a2,1.319352828,0
#887401,#9a9934,1.535622608,0
#c75dd3,#3d907d,1.082229647,0
#33fc38,#488376,3.161180644,0
#b4806d,#2a5f9c,1.943512385,0
#d22be6,#fdbb36,2.359739412,0
#70a412,#fad2bb,2.14059526,0
#39eace,#6d862d,2.713588678,0
#44f227,#adb8b9,1.352475228,0
#814bfa,#91b2b5,2.138597918,0
#0fbfbd,#95ff9e,1.85454429,0
#86699a,#44297c,2.427663583,0
#712997,#fb21cd,2.51438168,0
#0fb443,#195a65,2.834571085,0
#a28d5a,#5e1115,4.144283852,0
#392dfe,#f10f3a,1.633826125,0
#109a08,#e54654,1.058491778,0
#d1233c,#b787a4,1.746476282,0
#cce419,#8acc1e,1.367187262,0
#6ef32d,#92959b,2.076081558,0
#af3a75,#0e0e43,3.169692529,0
#cf9497,#a0d6b7,1.535179248,0
#db415a,#bc46eb,1.060661694,0
#afde5f,#6682f4,2.215665368,0
#385d35,#f7f0ce,6.573840579,1
#ca42f2,#3cf07b,2.50184535,0
#3c8f1c,#d565ec,1.343339904,0
#f55012,#cfb870,1.77906769,0
#116865,#6ad896,3.720563975,0
#d671eb,#1526fc,2.733515805,0
#96424f,#63c743,3.067094864,0
#0074ae,#71e028,3.016299206,0
#5428e2,#801f51,1.244565011,0
#96af65,#6a6884,2.194698325,0
#89be71,#91a0f5,1.13059865,0
#55db56,#c9ce7b,1.081075536,0
#ab3b96,#4bf909,3.911284595,0
#503a93,#817dc8,2.407845982,0
#93d6dd,#88baca,1.300310813,0
#eb0e69,#fa0ef5,1.343158059,0
#763b9d,#890a53,1.29156156,0
#a1c3c6,#b88cf2,1.379786838,0
#aad2ab,#8f52a9,3.170380759,0
#deb68d,#f5144e,2.195692365,0
#af8800,#b302f4,1.499249246,0
#3025ee,#c99574,3.060929397,0
#a3fc02,#67d1b2,1.453499085,0
#abd613,#bc028f,3.487879188,0
#56a88c,#9b149d,2.474445641,0
#fbc1e8,#61c3cc,1.364101124,0
#92bbc2,#165f65,3.536074143,0
#563274,#950a4c,1.152829254,0
#ce8307,#cc18a2,1.628954352,0
#04b467,#770aeb,2.553157359,0
#47aaca,#c4bf0e,1.372923129,0
#0431b3,#01c057,4.141776066,0
#6bc919,#8b5da4,2.379715367,0
#074157,#607300,2.075730938,0
#218ca7,#dcfc71,3.387805348,0
#95d3ec,#671e9c,5.711012577,1
#56e62d,#9b7a0c,2.460488376,0
#6ea3a2,#964ddf,1.678067804,0
#3aec7b,#916a70,2.99233337,0
#f030d0,#62087d,3.263779126,0
#11e3dc,#3f3ca4,5.449549336,1
#ad1957,#367223,1.175052094,0
#3839ea,#fe9274,3.25612682,0
#d6e654,#d29bfd,1.554342129,0
#4a5ca4,#4ec39d,2.86378069,0
#edc18b,#79f584,1.206752518,0
#f540f5,#c25141,1.524985686,0
#b1d2e7,#0c1e41,10.36412948,1
#152e6a,#cd9fd5,5.835092937,1
#2e72c0,#811154,2.0004674,0
#d6e8e2,#e17e87,2.189585249,0
#106cd0,#a3ae2d,2.121112057,0
#d6362f,#ed741b,1.606815873,0
#bb6d06,#9ea19a,1.512034557,0
#1b6c88,#26b22e,2.111565686,0
#8e10e6,#0e3a16,2.058665707,0
#d162ac,#5196c5,1.076777913,0
#25ebd9,#3b61f1,3.351872289,0
#811977,#e6bee0,5.475465429,1
#536af0,#7095a7,1.396415407,0
#522ae5,#7af0a7,5.26322013,1
#ef7b80,#3dad50,1.071772866,0
#2f27c5,#f7963d,4.232478855,0
#4921ec,#efec24,6.155390774,1
#e883c6,#dab785,1.306135464,0
#6264be,#134745,2.027745974,0
#73dfdf,#3bcb24,1.368652835,0
#564dc5,#d1ef7f,5.014315489,1
#0f2571,#568282,3.223784934,0
#e90efb,#c7faf9,3.119740062,0
#2efc7e,#254447,7.684254827,1
#460117,#b8d02e,9.474250535,1
#f1f802,#80cb70,1.698866625,0
#69801b,#5ad400,2.306927574,0
#73188e,#427ea0,2.099174797,0
#3e7f07,#c11366,1.194550577,0
#c4f26d,#dbec77,1.000476165,0
#5a4ede,#731824,1.898721672,0
#e14cb6,#291d99,3.416606728,0
#c0f97c,#1b0ec4,8.960092625,1
#0cbb73,#68c0bd,1.178223632,0
#7af04c,#d4a3ac,1.494282048,0
#49f5a1,#b6049b,4.270172803,0
#ef0a94,#dada96,2.810645681,0
#0635c3,#09e307,5.207054499,1
#0407d2,#284712,1.017328219,0
#8b633f,#d8afd4,2.782401884,0
#2db4f8,#4bf8c4,1.725658585,0
#fe6bd1,#2e4643,3.973379351,0
#d674a2,#545bac,1.982961968,0
#552a3a,#db8bad,4.671514982,1
#0e43ba,#fe9113,3.664682216,0
#342173,#17dc30,7.023944131,1
#c3373d,#5867f0,1.172589272,0
#351bfa,#ab774c,2.036273952,0
#45e727,#c13ed5,2.585269993,0
#38577c,#c1100c,1.185808761,0
#88a916,#153b6a,4.14539468,0
#67ca8e,#d17a8c,1.515301473,0
#97dc0c,#d0741b,2.026876569,0
#9d780d,#9e690f,1.143856606,0
#85cf3d,#a7d728,1.127762822,0
#71d468,#302d53,6.961790256,1
#e0c6bd,#767629,2.954664272,0
#fec1ad,#2ec5fc,1.279516827,0
#d86ed5,#99b61a,1.274164738,0
#663d2f,#f2a8a0,4.78738137,1
#53372c,#df0a1c,2.15199556,0
#cc00bd,#183b1a,2.561898193,0
#b141ff,#cbc1c6,2.363671801,0
#32eb0e,#046025,4.81522161,1
#dcdcce,#d85005,2.992766403,0
#39aea3,#77ea97,1.804810794,0
#7a5929,#2678e5,1.490178587,0
#610b6e,#dd6879,3.553942088,0
#7fe294,#261fba,6.646014335,1
#40f7de,#8e645a,3.78023915,0
#4aedd4,#5bdb2c,1.236075132,0
#0bb210,#aec847,1.509151314,0
#29f66f,#f877b7,1.744825113,0
#2af342,#3e092e,10.90686389,1
#d2ef8d,#b33cc1,3.801299303,0
#6920c3,#2e8db7,2.161575379,0
#618018,#47aec0,1.753798183,0
#80500b,#f0ae93,3.641790522,0
#ae2bc3,#cd455f,1.17263053,0
#d46c97,#732298,2.650698969,0
#a1a2ab,#c5736a,1.370723362,0
#ab8e5a,#aebb60,1.493203607,0
#414694,#d0e8a1,6.224865798,1
#37c5db,#c3ed37,1.522759048,0
#40ccd3,#e89157,1.25256331,0
#4d4f79,#6c8946,1.957286315,0
#8e1010,#28d2b3,4.910841299,1
#c8f717,#69a759,2.306331996,0
#d4beaa,#83d3aa,1.010044328,0
#9c0917,#6e005a,1.361416999,0
#119c89,#ec3adb,1.008833389,0
#e38df6,#46f7d7,1.652616068,0
#22ef70,#f1cc76,1.000710144,0
#74b592,#423093,4.223641356,0
#54c21a,#dbc1a4,1.336766809,0
#d9cd36,#5f6ed4,2.728601014,0
#a681d5,#8c16bc,2.274110661,0
#9d345e,#edcbf9,4.701584491,1
#a196f8,#24b93b,1.019270514,0
#2d6dfd,#37d1b7,2.32467097,0
#ee243f,#effefa,4.078449153,0
#98e96d,#ecca02,1.09187461,0
#379d1d,#36b18e,1.305404226,0
#0cb39a,#843199,2.753178181,0
#23e9f6,#41c06a,1.566722644,0
#119c7c,#d504a5,1.382775496,0
#a4728a,#ec8854,1.535053321,0
#b001a2,#8915da,1.059296262,0
#8be5a0,#1d1e1c,11.00893933,1
#5cf100,#b539d5,3.111890056,0
#93b4f7,#28a43e,1.562943359,0
#c0363b,#3140ac,1.557982913,0
#6439dc,#fece01,4.443215673,0
#1d8953,#deaa3f,2.087639008,0
#4ed3ea,#f9ab0c,1.089453974,0
#3c5b7e,#0d437f,1.406032085,0
#29ba27,#d3a99f,1.220747583,0
#f543f3,#3c396a,3.515263393,0
#5c25f9,#248521,1.441892143,0
#1c8e6e,#711841,2.69428644,0
#93832d,#01dba9,2.118872009,0
#c04696,#cd0fbb,1.040173832,0
#6bae83,#52b7f0,1.172729076,0
#0307c2,#78aa9f,4.43901741,0
#8d88ba,#2ddf28,1.838259266,0
#770e62,#879581,3.284368464,0
#23eda4,#10bb29,1.681071246,0
#55f219,#012c94,7.881315863,1
#69a753,#dab9d0,1.631243652,0
#f75d48,#a8f84f,2.450025379,0
#745ccc,#a29074,1.635015649,0
#349cc2,#1015e2,2.999067101,0
#ccae4b,#c20c86,2.634592419,0
#517080,#6c4915,1.52960791,0
#eb7487,#69d56a,1.534660119,0
#09a1af,#cf6c73,1.112961386,0
#13ac60,#6409e0,2.67097999,0
#b65454,#ce6f69,1.391537709,0
#5c0486,#26b080,4.185806633,0
#aacf35,#b16586,2.302546524,0
#531ccb,#0744e0,1.215329569,0
#e13130,#35bcc4,1.951903266,0
#4d50a3,#9d7582,1.771615356,0
#fab359,#543025,6.382346048,1
#ccefd1,#e03300,3.625846087,0
#b239cd,#a66b56,1.114466505,0
#c36d46,#14df77,2.117678515,0
#6df356,#e78439,1.882706656,0
#46b2b9,#dd7c63,1.166927367,0
#aee9e3,#483e0c,7.901158865,1
#a7c179,#2439e7,3.747884069,0
#7b37a2,#cdefe0,5.847592139,1
#29abcd,#20fbf2,2.069278578,0
#81355f,#c6142e,1.35766391,0
#539238,#b7a5ea,1.731000423,0
#9f263c,#d0e6b9,5.574386374,1
#478156,#33f0cc,3.187021884,0
#52a76e,#6aaeca,1.198089565,0
#bc12f3,#2d039b,2.828067162,0
#7daf50,#73e097,1.581081946,0
#34a580,#addd98,1.984398586,0
#94b672,#149684,1.605691359,0
#768956,#ef5652,1.116752355,0
#f48eaa,#e9719a,1.274615273,0
#8f225b,#202922,1.817667755,0
#a01d45,#fa091d,1.858083456,0
#806c1e,#568540,1.182065396,0
#a446d6,#23df60,2.665290613,0
#ebfb0a,#514db2,6.003262191,1
#f528a6,#2bc74b,1.634001163,0
#5e700a,#d822b6,1.270166462,0
#694e85,#97caf7,3.996949863,0
#03538d,#c307d2,1.63053311,0
#be8a4c,#1a2f86,3.860753393,0
#f4253c,#9cf394,3.025491842,0
#aa1029,#7d9361,2.208644269,0
#42ae45,#b6c477,1.512664398,0
#ceb649,#a03842,3.316841527,0
#13320c,#bfe6d0,10.37094162,1
#28a0eb,#d60500,1.885672991,0
#90a2cd,#54d738,1.354402434,0
#7a1c3e,#fe3eac,3.149961646,0
#ef0d2e,#a382ae,1.33445281,0
#16d2c1,#d0d9af,1.290610922,0
#d744d3,#4490a9,1.026713178,0
#825cb8,#33dcfe,3.070157024,0
#0d0342,#8ece6a,10.08903721,1
#15f211,#95f237,1.094106327,0
#0a20ac,#f5544b,3.444330294,0
#7553d7,#31990e,1.432329277,0
#dc1280,#29ffe0,3.709375036,0
#5d7599,#3dee2b,3.011931265,0
#4df80d,#cae5ef,1.082525044,0
#55635c,#c8b5a4,3.18790336,0
#6d3d58,#c962d6,2.522346987,0
#2996fe,#947ce2,1.103764409,0
#5a5f07,#cf0db2,1.415924495,0
#7c49c2,#de18d3,1.442502189,0
#c8f611,#bc2df7,3.427480917,0
#825c57,#098e6b,1.407854921,0
#93dada,#f6f843,1.387380271,0
#4f4649,#ef53b1,2.838652739,0
#24ed91,#1aa8c2,1.831571292,0
#ab3b10,#b27910,1.674890657,0
#c2dfd0,#c03cbb,3.20501264,0
#16ffaa,#7a02eb,5.243564508,1
#4fdc8b,#7b4c82,3.734020312,0
#56f326,#119644,2.604080196,0
#1baac5,#d8c2e1,1.673575028,0
#020f37,#4edf8f,10.90123989,1
#88cbc9,#f3fcf7,1.756216714,0
#eca1c5,#593dbe,3.692339173,0
#6b9ca5,#083530,4.431996621,0
#ca65be,#b09dfe,1.487815258,0
#bd7d48,#6152e9,1.59071195,0
#14b5e7,#5d5c5c,2.79075526,0
#fc53dd,#c0486a,1.695583081,0
#fa8018,#4b359d,3.55759166,0
#c6b59e,#0d1bd4,4.944238174,1
#3c49d9,#cef5ec,5.686680196,1
#4928c9,#d362bf,2.579671302,0
#8bf100,#56f723,1.003021137,0
#b8022e,#f760be,2.388539677,0
#725500,#40185b,2.01029947,0
#445538,#e6a02f,3.625251767,0
#8ff1a4,#ccb1b9,1.447975575,0
#9ef1d8,#d6a498,1.665574766,0
#305179,#3cf896,5.839859049,1
#a44d1e,#e3de0f,4.023609656,0
#b36f22,#7cec7b,2.712361534,0
#9e6632,#409d38,1.385749968,0
#22549f,#ef5e8d,2.346261744,0
#dd75a5,#7fb028,1.136955238,0
#aef2ad,#27a22e,2.558690012,0
#a82401,#0247ce,1.043873645,0
#39f65e,#c980cb,1.953030373,0
#b6c134,#38b388,1.338056146,0
#149363,#364ff9,1.477674906,0
#1f415c,#44d845,5.665066224,1
#7c5f8e,#ed1950,1.250043817,0
#4de8c4,#0875d5,3.023988929,0
#2cff09,#dc21ca,3.014562221,0
#f74108,#dfe1b6,2.726971599,0
#a07499,#621b69,2.900313525,0
#7c93f2,#0f1c84,4.81222488,1
#6493be,#8989e8,1.053922965,0
#c49009,#7b8b13,1.323872851,0
#240547,#6b8395,4.467144841,0
#667bc8,#f95130,1.194075176,0
#899a32,#015425,2.931871628,0
#e61b0f,#16d652,2.379403372,0
#4efc29,#1fb49f,1.889372476,0
#063a2b,#5e1fc2,1.48735639,0
#632508,#a45d76,2.449510252,0
#c7ac56,#10c1e7,1.035938211,0
#9aee38,#be6b1a,2.7623426,0
#79d71a,#c2d25c,1.096896115,0
#4dacf5,#5c7d29,1.930783138,0
#7a0f3b,#e2e307,7.771550927,1
#932f87,#db7ad2,2.578004179,0
#aaee8e,#d7c607,1.280657814,0
#d4bd24,#6c9f85,1.601009764,0
#5632a8,#5c73b9,1.906176836,0
#5aa85c,#d19dac,1.269700689,0
#cb775f,#31a5c6,1.155253094,0
#d568ea,#dd5044,1.31893927,0
#c7236b,#b8d4a1,3.341826135,0
#386e7d,#70a5ca,2.144680048,0
#8ef67a,#705829,5.009369882,1
#0c978b,#8380f0,1.08527631,0
#86dcb0,#00d131,1.266940694,0
#306fb8,#d42b56,1.045886284,0
#a3eeb4,#d2e01a,1.071348828,0
#78b745,#49f1aa,1.66851049,0
#2873a3,#0d2b25,2.930365193,0
#b0ed9a,#44b1b9,1.873216449,0
#c697e9,#8dbdd5,1.151921406,0
#91f3f2,#7b6728,4.276591922,0
#072167,#bd6fd0,4.463029242,0
#a0b3ef,#11590e,4.143403896,0
#4b62e2,#a870f2,1.511613889,0
#44dc6d,#165e65,4.145740293,0
#681517,#c626f9,2.954081649,0
#c5d577,#e0af63,1.255354379,0
#49e76d,#c1090b,3.906048865,0
#825c86,#e63d8e,1.417968731,0
#f0453e,#db4263,1.131629404,0
#310946,#1f1e75,1.192935555,0
#2baa86,#c49897,1.151241858,0
#bd0224,#1d7435,1.126296168,0
#e60c01,#967699,1.210641436,0
#308380,#0a35c3,2.0275094,0
#d3aed2,#227243,3.024424229,0
#daeff1,#6ebb7f,1.938604913,0
#4b3968,#8ffde6,8.329189402,1
#9bae26,#0de9a6,1.56006653,0
#1e8f60,#26c81f,1.817143379,0
#338f21,#8996c1,1.413330133,0
#786593,#86cf58,2.714682259,0
#d501fe,#4bd837,2.122940104,0
#3903c1,#d74066,2.460152236,0
#c9a399,#73ed33,1.512731518,0
#0dd65a,#e36b60,1.649297847,0
#a91f4b,#e8176f,1.60264773,0
#fad6e9,#872886,5.922481949,1
#653afb,#ca933b,2.181557118,0
#6aa8a5,#0e254c,5.590136529,1
#0fe4c0,#3bffc5,1.265348548,0
#f3df15,#3af4f0,1.000104007,0
#386b77,#fb6b2c,2.046944897,0
#268781,#1c9e7c,1.280815613,0
#8dd8b1,#2f3fd8,4.459006962,0
#eda8cc,#dcdddf,1.395287456,0
#9c9e7b,#67f09d,1.913960708,0
#ec548c,#494d95,2.235974752,0
#fd6ab8,#8657cd,1.862224061,0
#ac212e,#f502af,1.829949793,0
#a82769,#707329,1.321004373,0
#1ec133,#0dd317,1.185110551,0
#498bc2,#61100c,3.624954122,0
#8fd1a8,#22bcc4,1.308568072,0
#40c4ab,#9361a1,2.172843213,0
#42fa7f,#400d22,11.71383168,1
#d3ab89,#a9f836,1.62384063,0
#175b16,#2b42aa,1.033296503,0
#0894cb,#d6c1e1,2.058469681,0
#b464a6,#0f311d,3.597022287,0
#89b95d,#7ccb02,1.135236801,0
#6aa194,#b3721a,1.33713491,0
#dc70ab,#f4f102,2.508272606,0
#eca963,#c4321e,2.726725982,0
#f32522,#618270,1.033100836,0
#ed2bc1,#ff4775,1.121343208,0
#85581d,#814fe8,1.236332836,0
#5c4a29,#351886,1.516712023,0
#480a90,#fff41e,10.57745107,1
#25b558,#7b3c74,2.856590239,0
#43f9cd,#6656b0,4.44806528,0
#6f1954,#2c9dec,3.675352537,0
#afec5a,#9ce6a7,1.047465462,0
#7b1231,#aade50,6.727384896,1
#36c539,#1ac128,1.057441575,0
#dc9cd5,#f864a4,1.327759554,0
#9680c1,#def015,2.694079696,0
#c9a30d,#e1bbae,1.365785809,0
#afd3a5,#b3018c,3.843846744,0
#ee1da8,#6017d2,2.108020908,0
#8ddea5,#47c88b,1.325367283,0
#dcf34d,#e17f3c,2.323931741,0
#25896a,#a6e429,2.826442152,0
#82ce1f,#7ec357,1.098332183,0
#65580d,#02ffeb,5.585780583,1
#c472cc,#456855,1.969479504,0
#a26cc6,#701f70,2.594133072,0
#977561,#733343,2.204022843,0
#40d320,#8c6c48,2.424738454,0
#569f9f,#e18612,1.11154436,0
#081a3e,#ea8ea4,7.252723297,1
#41a89e,#b6bb06,1.379837416,0
#c617fb,#bcc0b9,2.314284202,0
#6884cf,#41cd12,1.721213732,0
#1c522c,#4a37ef,1.345179952,0
#6933b8,#1075f1,1.748431738,0
#2387b6,#30b5c9,1.645770445,0
#81acde,#5218da,3.553112295,0
#5328ee,#f6ca51,4.640721791,1
#7566c7,#faccf0,3.338112432,0
#0a6c66,#e92c2c,1.451245133,0
#881b06,#606f49,1.752902525,0
#0c1803,#ffcdb8,12.78899849,1
#8f2b0e,#832428,1.120891584,0
#b3015b,#85af7d,2.742520506,0
#fd0a95,#894731,1.878807783,0
#9379c4,#b7c80a,1.953959751,0
#7c0328,#ce284f,2.125963644,0
#d98a33,#b1397b,2.04067886,0
#4a0327,#7c4e61,2.339263493,0
#51e4c9,#ccd63b,1.003123359,0
#1ae65d,#b56242,2.613657603,0
#7cd0b1,#ecc278,1.09034636,0
#dd6b51,#6eba30,1.38640272,0
#23ee84,#b04ccf,2.851923841,0
#3813d4,#d79700,3.759532195,0
#8e2db7,#f77cc9,2.705053092,0
#471417,#25747d,2.805769399,0
#df3857,#a55a8a,1.092917137,0
#2b6f40,#896d28,1.24090285,0
#73e00d,#3b409c,5.166769181,1
#9e202d,#f7bfd0,4.935655958,1
#15117f,#dcbe38,8.082763942,1
#cd6210,#c40c26,1.560911524,0
#2c5d34,#69708d,1.580555093,0
#d67e2f,#e9de55,2.185221464,0
#a74bf0,#f7300f,1.097137013,0
#9dc982,#c8c8be,1.121550857,0
#adfdd2,#abfa7d,1.063203709,0
#ec5250,#e942ee,1.100061444,0
#a9ff30,#1a078f,11.58007173,1
#94e177,#74029d,5.940467469,1
#a987ca,#3612f5,2.73448257,0
#accdb3,#cfe182,1.21486232,0
#daa617,#217732,2.51981832,0
#c4b77c,#a14b5c,2.832019111,0
#e99396,#dbd4c5,1.568041831,0
#f788eb,#d2a666,1.030836272,0
#aeab70,#525bd6,2.315311784,0
#f3a164,#5c53bb,2.959851652,0
#643a60,#af712f,2.256435976,0
#f0f947,#b69c5f,2.319485241,0
#79d071,#e44a2f,2.081791964,0
#68b392,#4ddd15,1.380662313,0
#022d04,#d02bda,3.652940604,0
#717be7,#079690,1.014952119,0
#763cfe,#c96650,1.429356984,0
#cfe2ca,#7fd5cb,1.252556092,0
#226d16,#3ed642,3.336985449,0
#b62e28,#6cfd91,4.719783063,1
#87c591,#2385d8,1.924224932,0
#542736,#5243e7,1.927143546,0
#e64e6b,#1abe44,1.498726387,0
#9410d7,#a0a070,2.340286334,0
#870050,#8db174,4.041716396,0
#181a9a,#b683e7,4.469740897,0
#c6ab6d,#7d39ac,3.094423458,0
#cfa2fa,#88358a,3.490024316,0
#c16b4b,#ee7cbf,1.511431103,0
#aa7cc2,#c361ad,1.13091774,0
#01d9d6,#916296,2.709244783,0
#5fd552,#e5f6f7,1.694839926,0
#58f8f0,#bab15a,1.690426869,0
#892f49,#25d469,4.169138873,0
#10b984,#3fc868,1.166146519,0
#7eb94f,#2339ab,3.982416082,0
#43ff6b,#1b2707,11.75850786,1
#898b04,#c4aa92,1.651845205,0
#991d46,#d49d7b,3.401838095,0
#e5c9a6,#bf8a0d,1.930568169,0
#8524bc,#622406,1.677170488,0
#2bb5c9,#fefb38,2.228946139,0
#317f32,#d4d32f,3.123673576,0
#1319f8,#42a4e8,3.055689904,0
#509364,#a0f386,2.747901919,0
#846299,#bce2de,3.598620065,0
#708c4b,#c1f337,2.912942871,0
#fb287f,#8baa25,1.378613584,0
#c88e4e,#ba8a65,1.075813202,0
#50ff20,#c1651e,3.043285024,0
#bf1eee,#283b87,2.2441181,0
#b99d23,#8d9134,1.269182816,0
#ef5b2a,#d803fc,1.161384607,0
#171966,#1b51ac,2.061867347,0
#20592f,#21842a,1.737608312,0
#685e18,#70f100,4.45569538,0
#04f7f3,#400397,9.299553014,1
#b27c28,#5d1283,3.089173693,0
#ed70a7,#9b119a,2.542611746,0
#9a9566,#7e4f38,2.241493098,0
#6d7eb9,#150260,4.411121403,0
#2b8094,#7be4b3,2.94293103,0
#8ffe7c,#696fc3,3.568014103,0
#3e59ba,#dc08c1,1.450249948,0
#e9e8a2,#40f243,1.18065845,0
#f82be0,#b53404,1.8547601,0
#72379d,#465e01,1.041151053,0
#c085d1,#8421c9,2.471022467,0
#819b47,#f07016,1.047871189,0
#bb6b85,#9e79f2,1.164940895,0
#e8d608,#b6b541,1.452552357,0
#30914c,#3b2c2d,3.333190731,0
#8ec6ea,#07a6ea,1.491956806,0
#7281b9,#ae969e,1.37793433,0
#35ac2c,#b3c4f2,1.706205284,0
#b01d1b,#89ced8,3.912231517,0
#aa1fc6,#75060b,2.081756169,0
#4f914f,#1bd5d6,2.099040738,0
#f77dc7,#c34fb4,1.709141364,0
#fdd483,#ac3a04,4.439508298,0
#5a367a,#86a26a,3.29403238,0
#94405e,#8b31d4,1.105778471,0
#7a01ac,#52fece,6.766746381,1
#226f6e,#9012f5,1.006713167,0
#a91b60,#66b97a,2.9161952,0
#2f556c,#179f25,2.28397284,0
#295f6c,#9622d7,1.189695627,0
#00251c,#448fa1,4.440015565,0
#221b2e,#064794,1.848273329,0
#d8eaee,#cb73d1,2.448325227,0
#241f7e,#cf1add,3.081467368,0
#0fa17b,#a55960,1.52565342,0
#f7e06a,#ada88a,1.80965163,0
#dee3ac,#84ff36,1.041372904,0
#b5dcc2,#d2533d,2.771258504,0
#990702,#e81274,1.999336172,0
#34c292,#027590,2.348914905,0
#eca513,#566202,3.16767887,0
#c5d2bc,#917e16,2.561382128,0
#83fa41,#27b78b,1.908979703,0
#b5d9a4,#8c6170,3.307752091,0
#4cffb8,#56341b,8.568536968,1
#a4b2c4,#35310e,6.101128248,1
#b68b57,#6e43e0,1.925255555,0
#6fadf8,#d6d8a6,1.579813389,0
#1a1c0f,#b6ead8,12.94225861,1
#e8c71d,#fd9246,1.34573051,0
#03f992,#81f0cb,1.019413918,0
#568adf,#c1dcf5,2.431393686,0
#00cd35,#52cf11,1.051927393,0
#7e0806,#6f2851,1.090282502,0
#de61de,#b3c456,1.593327799,0
#b8581a,#20df46,2.630985307,0
#112d4a,#1a41dc,1.891434011,0
#0c6986,#cfbc73,3.281733414,0
#dee703,#306075,5.084800575,1
#21a8af,#ff9589,1.360679388,0
#69fe85,#5869ab,4.005358704,0
#a2fd9f,#da7c7c,2.388059784,0
#ed6714,#8ac2f4,1.694935313,0
#5eb99b,#5b6e52,2.34098967,0
#42d233,#71a7f9,1.221057603,0
#5d0ba1,#d82418,2.063829417,0
#ffe6c9,#226e12,5.265644957,1
#51c79a,#70cff2,1.191309108,0
#20db79,#a2aaa8,1.295824616,0
#4b327d,#72429c,1.450041991,0
#3518d3,#07ff1c,6.897051965,1
#9e9cef,#36e207,1.423725823,0
#0e1de1,#c0d82b,5.740769537,1
#9245f7,#54d0e4,2.608293848,0
#267ac8,#baa2b0,1.889870593,0
#3d7c0a,#f803b8,1.394186313,0
#3159fa,#07d2ef,2.91222246,0
#b2587c,#8f5867,1.218173362,0
#bb9410,#65e023,1.663839231,0
#09447c,#b2944e,3.399356652,0
#c0dbf0,#df1415,3.44408685,0
#becdab,#9e69d1,2.318755974,0
#0f5856,#d1b580,4.168589707,0
#1aad71,#7e98c4,1.011745256,0
#780c62,#f74262,2.91505719,0
#063d45,#7b648e,2.302813559,0
#0af927,#c82844,3.797295795,0
#87ef0f,#75af8d,1.738631581,0
#05b47d,#63093b,4.796234318,1
#7e9055,#3c050e,4.923533311,1
#dd30e5,#045b3c,2.192823853,0
#9c0078,#add4c6,4.845686099,1
#8b9cec,#9e349f,2.340454993,0
#d6b576,#3e3e79,4.944939774,1
#0c813e,#8c13cb,1.37604962,0
#37ad39,#579ae4,1.007160199,0
#8a5b5c,#3aa02c,1.673424166,0
#c18785,#b342c1,1.583441052,0
#82af42,#22a02e,1.329873378,0
#e90799,#edc2f8,2.759395328,0
#a4c1b1,#b2bf62,1.030381895,0
#8c97aa,#0c08f5,3.006563732,0
#0eda93,#1d8f16,2.297012364,0
#138257,#57ccf3,2.601113882,0
#f98e07,#576d6d,2.333853308,0
#4ce00e,#a48bc8,1.685423174,0
#c1661f,#a1c205,1.972757062,0
#49b3c8,#3a0fbe,4.300356855,0
#81a329,#1579d0,1.54015897,0
#f6422b,#a9e710,2.463893685,0
#98aeac,#220fac,5.187595244,1
#a1499f,#a6c4e9,2.946282965,0
#8cc4bc,#87e850,1.274878457,0
#1e9015,#8c32d5,1.431234836,0
#0ca1e9,#a31fc4,2.053348399,0
#99607f,#65a2b1,1.697327572,0
#a6afa2,#2818d0,4.35106116,0
#bcea4f,#7f5387,4.304352365,0
#4d3cf5,#e36655,1.91984992,0
#dc9331,#df4a93,1.491573582,0
#eefd85,#99da31,1.530832955,0
#1888fd,#525619,2.211186166,0
#e3833a,#d8cc3a,1.666011275,0
#f755c9,#da39e6,1.243243507,0
#2ef408,#b24aaf,3.130320514,0
#c98291,#3910fb,2.682759053,0
#c08b68,#998bad,1.072666755,0
#71e95d,#7d73cc,2.601079873,0
#e25b5f,#b68127,1.044608642,0
#a8ebe6,#333d40,8.336078063,1
#5c92b9,#12161c,5.415566659,1
#88200a,#9de86d,6.287919926,1
#cfaf11,#43e478,1.287350473,0
#55a290,#1adb53,1.624443052,0
#b5074c,#edd228,4.468516516,0
#b12f31,#59a062,1.996597651,0
#35b169,#85bae7,1.331042199,0
#113b4b,#047006,1.899156153,0
#ab493c,#bde2d1,3.990290024,0
#32899a,#0ba9c4,1.445133437,0
#6ab682,#80dda2,1.481755229,0
#ddc159,#459e5d,1.879872229,0
#49192e,#cd94c5,5.909186858,1
#b2ff34,#1a7475,4.539828987,1
#cfffc4,#1d6aec,4.336145747,0
#851d74,#29771e,1.546961175,0
#6571f3,#876271,1.297308061,0
#a5c965,#50e7fb,1.271217572,0
#dbefe1,#ce9055,2.252578527,0
#3e73eb,#d7981b,1.728837678,0
#2a6da6,#dea55b,2.512431075,0
#f4a630,#6f2199,4.395204425,0
#8be58d,#032cc6,6.28106563,1
#0f7a28,#965b8a,1.08487366,0
#38be15,#9dabed,1.109698911,0
#2ae67e,#f7f77e,1.459329974,0
#76f0c3,#bb7d77,2.379673385,0
#18b740,#d3a168,1.149798917,0
#da7427,#ce8e29,1.156262949,0
#1a27cc,#870fb2,1.24266045,0
#92b46b,#889b10,1.329257669,0
#25744a,#e5af40,2.866833331,0
#b4f1e2,#9b68f9,2.894758376,0
#188ff4,#935f49,1.578919555,0
#cbd6b3,#926469,3.249869887,0
#ed0c23,#6fad3c,1.650057394,0
#a8be2f,#fda5a5,1.102320436,0
#a0bad7,#06e546,1.171852252,0
#81e935,#47c959,1.396604528,0
#0a897a,#676e66,1.218370318,0
#8d3104,#8c709a,1.903689121,0
#bb70a7,#f527a0,1.054277831,0
#c25252,#e9817b,1.707005278,0
#bf041d,#f02790,1.660723201,0
#535ae1,#670ed5,1.506534985,0
#cb8c18,#b9606b,1.476002928,0
#f0503b,#84521a,1.846950041,0
#db446c,#191073,3.708995004,0
#8f58eb,#8ca53f,1.588957793,0
#352e77,#bb4811,2.238248416,0
#befa13,#42b5ed,1.861531216,0
#63a2c1,#c328ee,1.537231996,0
#07edd1,#867492,2.850359121,0
#796d4f,#f9df4b,3.813102697,0
#68cfc2,#a561ff,1.962678322,0
#8bf1c0,#93f627,1.000721832,0
#bdc9bc,#15df96,1.018061411,0
#bbc1d4,#a0f98a,1.403737006,0
#baaf9b,#69fdb4,1.682618091,0
#2ba0cc,#ff36d8,1.03422223,0
#01d763,#cda270,1.211571647,0
#1a9910,#7420ee,1.76137682,0
#a49c95,#29c156,1.140163378,0
#2384c2,#fae401,3.137772064,0
#ac2d72,#bbbf74,3.207584171,0
#a46776,#1b47cb,1.700984267,0
#78e876,#691c8f,6.287760585,1
#17c7f6,#39ced7,1.042441532,0
#21d387,#ca0ff6,2.185609265,0
#d41cca,#9e0007,1.961165719,0
#e003f4,#5c4b21,2.210153311,0
#e96bdb,#f23711,1.424141419,0
#c92442,#5d5e79,1.141181262,0
#c2265c,#f988ea,2.613692862,0
#266f78,#6334ca,1.261889673,0
#82ef97,#cda4ef,1.45213198,0
#6bd7c6,#7dc5e9,1.102005526,0
#ab6779,#84ee04,2.872535727,0
#12c8e7,#bfa9e6,1.04068938,0
#d19269,#513ffc,2.31546077,0
#591e13,#b057d1,3.166890358,0
#d1c5af,#cba1e1,1.26655295,0
#8f90df,#6c0ed5,2.714039471,0
#6cdebf,#75feef,1.338128474,0
#e60252,#cfc198,2.610489005,0
#a05c29,#0d0769,3.242213627,0
#9e8b07,#7b4488,2.033336165,0
#602fec,#40abf7,2.692047287,0
#1b6cad,#9b546e,1.024228013,0
#1153c9,#de7e1e,2.28987054,0
#d3bbbe,#e11f6c,2.518710331,0
#d7c682,#f192e8,1.226859725,0
#1ed8ae,#dd1b53,2.637387117,0
#225e26,#5f223b,1.516457544,0
#f09688,#1d7d91,2.144268503,0
#2a1996,#e48dde,5.461303149,1
#46fc0e,#93d4c9,1.215136466,0
#97bf84,#3870a0,2.529496317,0
#fbd9f3,#9eac1c,1.949592063,0
#dc67df,#cc59ad,1.25874245,0
#a1a6f8,#2b5932,3.617668179,0
#83e977,#42e933,1.07359768,0
#5df262,#4eaeb8,1.777170316,0
#201cca,#50e2b0,6.175128784,1
#cef404,#cc09ca,3.714934827,0
#f82f99,#4289ce,1.027488933,0
#e4cbc7,#923bf1,3.318603844,0
#abd87c,#8cabc9,1.462371597,0
#d14840,#d4cdd5,2.863463586,0
#875506,#b58198,1.968140056,0
#35abbe,#f104ea,1.298447788,0
#ab269e,#fb9380,2.737154901,0
#25d721,#bb9405,1.471994842,0
#1916c9,#bf7b4f,3.081438325,0
#7e77b5,#c9fe91,3.479446823,0
#d2a941,#bf6a1e,1.792390604,0
#1c5c31,#27c7aa,3.747676833,0
#91d997,#48f97c,1.20204418,0
#b5a860,#841b7b,3.603588725,0
#5e9e90,#ba6904,1.324683713,0
#df73b2,#6cb56f,1.171989523,0
#62476b,#0d3635,1.649515326,0
#e43845,#f2cfa0,2.870110015,0
#736d01,#864067,1.330962324,0
#3b8ce6,#79208e,2.52254849,0
#26f279,#720302,8.129697759,1
#7e3711,#b9dcc0,5.758827504,1
#6a1251,#76beaf,5.365122987,1
#e805f6,#30fa54,2.581065571,0
#b40557,#895edd,1.518986575,0
#16dd25,#2944d1,4.012710517,0
#04af65,#9a2b84,2.39950272,0
#8b588b,#41805c,1.155301861,0
#e2ffb0,#0ac994,1.956539208,0
#9d6ba2,#6bba75,1.760546726,0
#551b15,#46cf53,6.635378607,1
#fd80cd,#a21240,3.391295203,0
#2dae02,#48ec0e,1.852978568,0
#265142,#c1ab07,3.890294577,0
#3abbc0,#5716ef,3.271095586,0
#eeca57,#5d3a69,5.8124702,1
#a08745,#9522ab,1.953690991,0
#2f7a95,#ca0131,1.218725376,0
#7b39d0,#fe29b6,1.859301076,0
#719332,#51fecc,2.769230493,0
#447efb,#375dca,1.570253094,0
#04d40a,#1f219e,5.892496231,1
#b87012,#3b417d,2.396764902,0
#8b30ce,#f87993,2.388037959,0
#8466d9,#ad43ed,1.01686834,0
#aa1913,#6d0ad9,1.060118486,0
#560a03,#c68492,4.94073464,1
#6f7133,#044777,1.88037613,0
#7307c7,#522890,1.251357742,0
#174107,#a47100,2.751449575,0
#ff4cc7,#d28133,1.026304995,0
#d84195,#a968e2,1.128268237,0
#61d0bc,#981efa,2.885459023,0
#ec2d72,#20cb35,1.862173122,0
#bc160d,#d23105,1.283227484,0
#3a3e21,#4f2aad,1.198922178,0
#a10146,#fed4ff,6.163482184,1
#101bf7,#7236f7,1.422042704,0
#cf1206,#c0f76a,4.476932861,0
#9ed020,#3d9573,2.001237339,0
#6b818d,#d29dc9,1.826552239,0
#8f49c5,#9164ed,1.336758209,0
#482da4,#e52eeb,2.707876921,0
#e60971,#ccca54,2.61597986,0
#7676bc,#69eb5f,2.68270955,0
#c7f5ea,#c2ee56,1.128970674,0
#ef5372,#659046,1.092228251,0
#587eba,#3df08f,2.75219577,0
#dca2ad,#4ff94f,1.527876363,0
#4f0487,#7bd33d,6.605551975,1
#b026b6,#b61566,1.155285636,0
#d861d3,#03d861,1.674024489,0
#7f42d3,#801072,1.6207714,0
#9766cb,#c20cac,1.288319244,0
#2e5cfb,#ae4d7b,1.026550093,0
#48fae5,#440d52,11.28349931,1
#ab59f1,#5592e7,1.224833434,0
#e06f9c,#a5a7b4,1.269108324,0
#ec3966,#0c16c0,2.825029637,0
#069572,#8e9635,1.18278463,0
#3a075b,#1ecf51,7.418394821,1
#5c10a3,#944090,1.649748972,0
#983463,#b822ea,1.481809879,0
#10e27f,#265645,4.883862426,1
#94c9ee,#f41113,2.400316323,0
#11bb2e,#21b7c1,1.053442053,0
#b0ce8c,#013dac,5.322692164,1
#d5d4d0,#dab1b2,1.297322221,0
#3e3b70,#13e46a,5.974265768,1
#9913d1,#9432c5,1.045531748,0
#a5749e,#90c3d7,1.962384845,0
#d6fe74,#f6e2c9,1.099012889,0
#362805,#4dea33,8.979096693,1
#94c8e3,#c8accc,1.136994703,0
#52172b,#6710d2,1.702573148,0
#f549a2,#17b26e,1.200166662,0
#9f1133,#e7c82d,4.879541052,1
#51da37,#2e9b33,1.953622526,0
#960f7d,#9fa35d,2.957658398,0
#2b9278,#7c41d9,1.517386893,0
#70af1d,#f9fcc5,2.520622569,0
#b6743f,#1a34af,2.580579066,0
#5a408b,#39e1f6,5.224443537,1
#c8e077,#624947,5.611634521,1
#8c4719,#c05f91,1.744655683,0
#85acf5,#599e7a,1.39722203,0
#ff8612,#98443f,2.681374142,0
#34aaee,#366240,2.730228828,0
#293965,#cf6d2f,3.1495237,0
#35a2af,#ddcd3b,1.8548738,0
#b65893,#ce9b35,1.740308062,0
#d03259,#218640,1.062175424,0
#bb6bd1,#d1124a,1.574946527,0
#a13a2e,#530f27,2.156428768,0
#6475a7,#2100a8,2.849145957,0
#fb34d1,#2b9d02,1.099107533,0
#3e8e8a,#1400b2,3.253003587,0
#21fd0c,#f12b0d,2.969662609,0
#aa0d8a,#e536ab,1.738262888,0
#171047,#5ad5c9,9.817313197,1
#2fd9c3,#d10706,3.160729779,0
#077f95,#49cde8,2.49645902,0
#ac9d42,#0341e9,2.606931018,0
#20f656,#e7266c,2.939361627,0
#ffff28,#b885b7,2.767701929,0
#fe8962,#627aa3,1.856119296,0
#cd206a,#b28ef3,2.008802275,0
#3cc93c,#72449e,3.165963385,0
#503f4c,#97fd26,7.602263645,1
#d8a572,#d5dbec,1.589664251,0
#3dc7a3,#3ff05f,1.398515733,0
#c1f6f2,#206653,5.744316102,1
#f76ccd,#c1f9b4,2.189690485,0
#ce9280,#e24437,1.573101335,0
#db2ad1,#668ef8,1.289848269,0
#e0fdae,#3e5cc6,5.302756353,1
#1920b7,#865da6,2.138013814,0
#b591b2,#51b379,1.054352508,0
#f6201d,#1c2b68,3.224757848,0
#50fd77,#d54433,3.32865463,0
#0cf880,#788090,2.789616082,0
#a27e50,#f25aab,1.211039375,0
#ea13a0,#753563,2.084905187,0
#cd8593,#a8ca51,1.523569909,0
#4ff68e,#5dfdde,1.111702765,0
#394220,#d0eea0,8.317354017,1
#c42852,#5d86ed,1.616525214,0
#59cef6,#ca00f7,2.38630455,0
#6725c6,#3fa865,2.634886194,0
#26de5f,#52ed23,1.153942998,0
#5f72b2,#8b16ee,1.31597216,0
#61f854,#a1fa0d,1.075163774,0
#829bee,#cfa951,1.200039076,0
#cd2be6,#ae0063,1.706098948,0
#36da75,#c486d7,1.478627534,0
#4e24fd,#3ebeaf,3.068540756,0
#cb1732,#4276eb,1.354575457,0
#465633,#4bc9aa,3.877596942,0
#10eecc,#a79c4b,1.883148432,0
#593808,#808952,2.817500964,0
#3dd6a7,#3186a3,2.243820546,0
#3bf0be,#228d38,2.916581352,0
#78e238,#bdefcc,1.286473599,0
#493a29,#cdcbc9,6.759372151,1
#a76a4e,#b36500,1.007640927,0
#510630,#e9164e,3.305735345,0
#59e55e,#c4a2e6,1.324728913,0
#00f05b,#55f33f,1.048708458,0
#c0ce66,#830b42,5.862351356,1
#31d0ed,#3552cc,3.521687618,0
#6f8393,#d2936c,1.521473676,0
#f0a6ed,#aba4d6,1.262920973,0
#2be73a,#0fb533,1.640366264,0
#815db1,#47ae9c,1.887358848,0
#ae64eb,#c03f7b,1.373716577,0
#5e7d37,#5e46a8,1.530301897,0
#f1569d,#a14949,1.839775264,0
#d06e8d,#a34a38,1.75211594,0
#8a15d1,#3b1795,1.783989516,0
#db4704,#a9d517,2.485640025,0
#ce553b,#839eb6,1.510208584,0
#a08a03,#e39dc2,1.6094103,0
#bac717,#f2cab7,1.234071009,0
#39400f,#1d0398,1.26046587,0
#6f2f7a,#5f1dc4,1.040572231,0
#3997f1,#3a160b,5.287238987,1
#e54b81,#5f91a7,1.077756195,0
#888de5,#45fe8d,2.263003658,0
#089dfc,#a418ea,1.857399894,0
#1a764c,#97fbef,4.642440783,1
#cf6a98,#35031a,5.230220269,1
#e121f5,#fcb339,2.029816828,0
#adfd62,#1315e6,7.465491658,1
#4a4a83,#b5262e,1.262863015,0
#33a533,#cc81fd,1.236709577,0
#bd7cc1,#f8b41f,1.692796264,0
#51f754,#7ef085,1.006285984,0
#f3376f,#eb3393,1.029420101,0
#32b5b0,#b091e4,1.044361314,0
#d0abaa,#c8d5bf,1.360669592,0
#edc81e,#de70c3,1.786197127,0
#6bdbcd,#a7f4da,1.313026253,0
#a3dd47,#fc0dcd,2.137284395,0
#51790f,#5d6a31,1.145690353,0
#e61990,#731057,2.528136412,0
#0b9669,#28d95b,2.000882803,0
#4efa1e,#d5b646,1.415510346,0
#c62730,#286cbf,1.067895526,0
#93b090,#dd7928,1.294362639,0
#f2dd11,#388764,3.139659207,0
#d75616,#6c45ce,1.547906347,0
#7af680,#db068e,3.459627903,0
#b4f989,#1c178e,10.78515835,1
#cd1074,#f4ad00,2.759733903,0
#fee35a,#61fe21,1.040903789,0
#7da8f5,#1994d5,1.409329737,0
#b1cb7a,#2363a8,3.417324208,0
#e19382,#c1001f,2.645757764,0
#daeada,#7dfded,1.022811957,0
#ba7cd3,#5710cf,2.903553912,0
#aefd29,#57e317,1.360864152,0
#42fa57,#bee474,1.034702237,0
#9f3fba,#7ffce0,4.340514802,0
#26028b,#62c702,6.618958429,1
#4219a1,#ca3603,2.143000101,0
#3d0708,#5b5619,2.2640118,0
#9e93c1,#264fe2,2.242300552,0
#ae9ad2,#0564c0,2.326322111,0